kingdom,phylum,class,order,family,genus,species
bacteria,Actinobacteria,Actinobacteria,Glycomycetales,Glycomycetaceae,Glycomyces,Glycomyces_arizonensis_DSM_44726
bacteria,Actinobacteria,Actinobacteria,Glycomycetales,Glycomycetaceae,Glycomyces,Glycomyces_harbinensis
bacteria,Actinobacteria,Actinobacteria,Glycomycetales,Glycomycetaceae,Glycomyces,Glycomyces_sambucus
bacteria,Actinobacteria,Actinobacteria,Glycomycetales,Glycomycetaceae,Glycomyces,Glycomyces_tenuis_DSM_44171
bacteria,Actinobacteria,Actinobacteria,Micrococcales,Cellulomonadaceae,Cellulomonas,Cellulomonas_carbonis_T26
bacteria,Actinobacteria,Actinobacteria,Micrococcales,Cellulomonadaceae,Cellulomonas,Cellulomonas_cellasea_DSM_20118
bacteria,Actinobacteria,Actinobacteria,Micrococcales,Cellulomonadaceae,Cellulomonas,Cellulomonas_fimi_ATCC_484
bacteria,Actinobacteria,Actinobacteria,Micrococcales,Cellulomonadaceae,Cellulomonas,Cellulomonas_flavigena_DSM_20109
bacteria,Actinobacteria,Actinobacteria,Micrococcales,Demequinaceae,Demequina,Demequina_aurantiaca
bacteria,Actinobacteria,Actinobacteria,Micrococcales,Demequinaceae,Demequina,Demequina_flava
bacteria,Actinobacteria,Actinobacteria,Micrococcales,Demequinaceae,Demequina,Demequina_globuliformis
bacteria,Actinobacteria,Actinobacteria,Micrococcales,Demequinaceae,Demequina,Demequina_lutea
bacteria,Actinobacteria,Actinobacteria,Micrococcales,Demequinaceae,Lysinimicrobium,Lysinimicrobium_mangrovi
bacteria,Actinobacteria,Actinobacteria,Micrococcales,Demequinaceae,Lysinimicrobium,Lysinimicrobium_rhizosphaerae
bacteria,Actinobacteria,Actinobacteria,Micrococcales,Demequinaceae,Lysinimicrobium,Lysinimicrobium_soli
bacteria,Actinobacteria,Actinobacteria,Micrococcales,Demequinaceae,Lysinimicrobium,Lysinimicrobium_subtropicum
bacteria,Actinobacteria,Actinobacteria,Micrococcales,Intrasporangiaceae,Knoellia,Knoellia_aerolata_DSM_18566
bacteria,Actinobacteria,Actinobacteria,Micrococcales,Intrasporangiaceae,Knoellia,Knoellia_flava_TL1
bacteria,Actinobacteria,Actinobacteria,Micrococcales,Intrasporangiaceae,Knoellia,Knoellia_sinensis_KCTC_19936
bacteria,Actinobacteria,Actinobacteria,Micrococcales,Intrasporangiaceae,Knoellia,Knoellia_subterranea_KCTC_19937
bacteria,Actinobacteria,Actinobacteria,Micrococcales,Intrasporangiaceae,Tetrasphaera,Tetrasphaera_australiensis_Ben110
bacteria,Actinobacteria,Actinobacteria,Micrococcales,Intrasporangiaceae,Tetrasphaera,Tetrasphaera_elongata_Lp2
bacteria,Actinobacteria,Actinobacteria,Micrococcales,Intrasporangiaceae,Tetrasphaera,Tetrasphaera_japonica_T1-X7
bacteria,Actinobacteria,Actinobacteria,Micrococcales,Intrasporangiaceae,Tetrasphaera,Tetrasphaera_jenkinsii_Ben_74
bacteria,Actinobacteria,Actinobacteria,Micrococcales,Microbacteriaceae,Agrococcus,Agrococcus_baldri
bacteria,Actinobacteria,Actinobacteria,Micrococcales,Microbacteriaceae,Agrococcus,Agrococcus_carbonis
bacteria,Actinobacteria,Actinobacteria,Micrococcales,Microbacteriaceae,Agrococcus,Agrococcus_jejuensis
bacteria,Actinobacteria,Actinobacteria,Micrococcales,Microbacteriaceae,Agrococcus,Agrococcus_lahaulensis_DSM_17612
bacteria,Actinobacteria,Actinobacteria,Micrococcales,Microbacteriaceae,Agromyces,Agromyces_aureus
bacteria,Actinobacteria,Actinobacteria,Micrococcales,Microbacteriaceae,Agromyces,Agromyces_cerinus_subsp_cerinus
bacteria,Actinobacteria,Actinobacteria,Micrococcales,Microbacteriaceae,Agromyces,Agromyces_italicus_DSM_16388
bacteria,Actinobacteria,Actinobacteria,Micrococcales,Microbacteriaceae,Agromyces,Agromyces_subbeticus_DSM_16689
bacteria,Actinobacteria,Actinobacteria,Micrococcales,Microbacteriaceae,Cryobacterium,Cryobacterium_arcticum
bacteria,Actinobacteria,Actinobacteria,Micrococcales,Microbacteriaceae,Cryobacterium,Cryobacterium_flavum
bacteria,Actinobacteria,Actinobacteria,Micrococcales,Microbacteriaceae,Cryobacterium,Cryobacterium_psychrotolerans
bacteria,Actinobacteria,Actinobacteria,Micrococcales,Microbacteriaceae,Cryobacterium,Cryobacterium_roopkundense
bacteria,Actinobacteria,Actinobacteria,Micromonosporales,Micromonosporaceae,Actinoplanes,Actinoplanes_awajinensis_subsp_mycoplanecinus
bacteria,Actinobacteria,Actinobacteria,Micromonosporales,Micromonosporaceae,Actinoplanes,Actinoplanes_missouriensis_431
bacteria,Actinobacteria,Actinobacteria,Micromonosporales,Micromonosporaceae,Actinoplanes,Actinoplanes_philippinensis
bacteria,Actinobacteria,Actinobacteria,Micromonosporales,Micromonosporaceae,Actinoplanes,Actinoplanes_utahensis
bacteria,Actinobacteria,Actinobacteria,Micromonosporales,Micromonosporaceae,Micromonospora,Micromonospora_auratinigra
bacteria,Actinobacteria,Actinobacteria,Micromonosporales,Micromonosporaceae,Micromonospora,Micromonospora_coxensis
bacteria,Actinobacteria,Actinobacteria,Micromonosporales,Micromonosporaceae,Micromonospora,Micromonospora_purpureochromogenes
bacteria,Actinobacteria,Actinobacteria,Micromonosporales,Micromonosporaceae,Micromonospora,Micromonospora_siamensis
bacteria,Actinobacteria,Actinobacteria,Propionibacteriales,Nocardioidaceae,Nocardioides,Nocardioides_exalbidus
bacteria,Actinobacteria,Actinobacteria,Propionibacteriales,Nocardioidaceae,Nocardioides,Nocardioides_halotolerans_DSM_19273
bacteria,Actinobacteria,Actinobacteria,Propionibacteriales,Nocardioidaceae,Nocardioides,Nocardioides_szechwanensis
bacteria,Actinobacteria,Actinobacteria,Propionibacteriales,Nocardioidaceae,Nocardioides,Nocardioides_terrae
bacteria,Actinobacteria,Actinobacteria,Propionibacteriales,Propionibacteriaceae,Cutibacterium,Cutibacterium_acnes_KPA171202
bacteria,Actinobacteria,Actinobacteria,Propionibacteriales,Propionibacteriaceae,Cutibacterium,Cutibacterium_granulosum_DSM_20700
bacteria,Actinobacteria,Actinobacteria,Propionibacteriales,Propionibacteriaceae,Cutibacterium,Propionibacterium_humerusii_P08
bacteria,Actinobacteria,Actinobacteria,Propionibacteriales,Propionibacteriaceae,Cutibacterium,Propionibacterium_namnetense
bacteria,Actinobacteria,Actinobacteria,Propionibacteriales,Propionibacteriaceae,Tessaracoccus,Tessaracoccus_bendigoensis_DSM_12906
bacteria,Actinobacteria,Actinobacteria,Propionibacteriales,Propionibacteriaceae,Tessaracoccus,Tessaracoccus_flavescens
bacteria,Actinobacteria,Actinobacteria,Propionibacteriales,Propionibacteriaceae,Tessaracoccus,Tessaracoccus_flavus
bacteria,Actinobacteria,Actinobacteria,Propionibacteriales,Propionibacteriaceae,Tessaracoccus,Tessaracoccus_massiliensis
bacteria,Bacteroidetes,Bacteroidia,Bacteroidales,Bacteroidaceae,Bacteroides,Bacteroides_caccae
bacteria,Bacteroidetes,Bacteroidia,Bacteroidales,Bacteroidaceae,Bacteroides,Bacteroides_cellulosilyticus
bacteria,Bacteroidetes,Bacteroidia,Bacteroidales,Bacteroidaceae,Bacteroides,Bacteroides_ovatus
bacteria,Bacteroidetes,Bacteroidia,Bacteroidales,Bacteroidaceae,Bacteroides,Bacteroides_vulgatus_ATCC_8482
bacteria,Bacteroidetes,Bacteroidia,Bacteroidales,Dysgonamonadaceae,Dysgonomonas,Dysgonomonas_capnocytophagoides_DSM_22835
bacteria,Bacteroidetes,Bacteroidia,Bacteroidales,Dysgonamonadaceae,Dysgonomonas,Dysgonomonas_gadei_ATCC_BAA-286
bacteria,Bacteroidetes,Bacteroidia,Bacteroidales,Dysgonamonadaceae,Dysgonomonas,Dysgonomonas_macrotermitis
bacteria,Bacteroidetes,Bacteroidia,Bacteroidales,Dysgonamonadaceae,Dysgonomonas,Dysgonomonas_mossii_DSM_22836
bacteria,Bacteroidetes,Bacteroidia,Bacteroidales,Rikenellaceae,Alistipes,Alistipes_finegoldii_DSM_17242
bacteria,Bacteroidetes,Bacteroidia,Bacteroidales,Rikenellaceae,Alistipes,Alistipes_ihumii_AP11
bacteria,Bacteroidetes,Bacteroidia,Bacteroidales,Rikenellaceae,Alistipes,Alistipes_shahii_WAL_8301
bacteria,Bacteroidetes,Bacteroidia,Bacteroidales,Rikenellaceae,Alistipes,Alistipes_timonensis_JC136
bacteria,Bacteroidetes,Chitinophagia,Chitinophagales,Chitinophagaceae,Niabella,Niabella_aurantiaca_DSM_17617
bacteria,Bacteroidetes,Chitinophagia,Chitinophagales,Chitinophagaceae,Niabella,Niabella_drilacis
bacteria,Bacteroidetes,Chitinophagia,Chitinophagales,Chitinophagaceae,Niabella,Niabella_ginsenosidivorans
bacteria,Bacteroidetes,Chitinophagia,Chitinophagales,Chitinophagaceae,Niabella,Niabella_soli_DSM_19437
bacteria,Bacteroidetes,Chitinophagia,Chitinophagales,Chitinophagaceae,Niastella,Niastella_koreensis_GR20-10
bacteria,Bacteroidetes,Chitinophagia,Chitinophagales,Chitinophagaceae,Niastella,Niastella_populi
bacteria,Bacteroidetes,Chitinophagia,Chitinophagales,Chitinophagaceae,Niastella,Niastella_vici
bacteria,Bacteroidetes,Chitinophagia,Chitinophagales,Chitinophagaceae,Niastella,Niastella_yeongjuensis
bacteria,Bacteroidetes,Cytophagia,Cytophagales,Cytophagaceae,Spirosoma,Spirosoma_aerolatum
bacteria,Bacteroidetes,Cytophagia,Cytophagales,Cytophagaceae,Spirosoma,Spirosoma_endophyticum
bacteria,Bacteroidetes,Cytophagia,Cytophagales,Cytophagaceae,Spirosoma,Spirosoma_luteum_DSM_19990
bacteria,Bacteroidetes,Cytophagia,Cytophagales,Cytophagaceae,Spirosoma,Spirosoma_radiotolerans
bacteria,Bacteroidetes,Cytophagia,Cytophagales,Hymenobacteraceae,Hymenobacter,Hymenobacter_aerophilus_DSM_13606
bacteria,Bacteroidetes,Cytophagia,Cytophagales,Hymenobacteraceae,Hymenobacter,Hymenobacter_daecheongensis_DSM_21074
bacteria,Bacteroidetes,Cytophagia,Cytophagales,Hymenobacteraceae,Hymenobacter,Hymenobacter_psychrophilus
bacteria,Bacteroidetes,Cytophagia,Cytophagales,Hymenobacteraceae,Hymenobacter,Hymenobacter_psychrotolerans_DSM_18569
bacteria,Bacteroidetes,Cytophagia,Cytophagales,Hymenobacteraceae,Pontibacter,Pontibacter_actiniarum_DSM_19842
bacteria,Bacteroidetes,Cytophagia,Cytophagales,Hymenobacteraceae,Pontibacter,Pontibacter_akesuensis
bacteria,Bacteroidetes,Cytophagia,Cytophagales,Hymenobacteraceae,Pontibacter,Pontibacter_lucknowensis
bacteria,Bacteroidetes,Cytophagia,Cytophagales,Hymenobacteraceae,Pontibacter,Pontibacter_roseus_DSM_17521
bacteria,Bacteroidetes,Flavobacteriia,Flavobacteriales,Flavobacteriaceae,Maribacter,Maribacter_arcticus
bacteria,Bacteroidetes,Flavobacteriia,Flavobacteriales,Flavobacteriaceae,Maribacter,Maribacter_forsetii_DSM_18668
bacteria,Bacteroidetes,Flavobacteriia,Flavobacteriales,Flavobacteriaceae,Maribacter,Maribacter_sedimenticola
bacteria,Bacteroidetes,Flavobacteriia,Flavobacteriales,Flavobacteriaceae,Maribacter,Maribacter_stanieri
bacteria,Bacteroidetes,Flavobacteriia,Flavobacteriales,Flavobacteriaceae,Muricauda,Muricauda_antarctica
bacteria,Bacteroidetes,Flavobacteriia,Flavobacteriales,Flavobacteriaceae,Muricauda,Muricauda_lutaonensis
bacteria,Bacteroidetes,Flavobacteriia,Flavobacteriales,Flavobacteriaceae,Muricauda,Muricauda_ruestringensis_DSM_13258
bacteria,Bacteroidetes,Flavobacteriia,Flavobacteriales,Flavobacteriaceae,Muricauda,Muricauda_zhangzhouensis
bacteria,Bacteroidetes,Flavobacteriia,Flavobacteriales,Flavobacteriaceae,Myroides,Myroides_guanonis
bacteria,Bacteroidetes,Flavobacteriia,Flavobacteriales,Flavobacteriaceae,Myroides,Myroides_injenensis_M09-0166
bacteria,Bacteroidetes,Flavobacteriia,Flavobacteriales,Flavobacteriaceae,Myroides,Myroides_odoratus_DSM_2801
bacteria,Bacteroidetes,Flavobacteriia,Flavobacteriales,Flavobacteriaceae,Myroides,Myroides_phaeus
bacteria,Firmicutes,Bacilli,Bacillales,Alicyclobacillaceae,Alicyclobacillus,Alicyclobacillus_acidocaldarius_subsp_acidocaldarius_DSM_446
bacteria,Firmicutes,Bacilli,Bacillales,Alicyclobacillaceae,Alicyclobacillus,Alicyclobacillus_macrosporangiidus_CPP55
bacteria,Firmicutes,Bacilli,Bacillales,Alicyclobacillaceae,Alicyclobacillus,Alicyclobacillus_mali_NBRC_102425
bacteria,Firmicutes,Bacilli,Bacillales,Alicyclobacillaceae,Alicyclobacillus,Alicyclobacillus_vulcanalis
bacteria,Firmicutes,Bacilli,Bacillales,Bacillaceae,Pontibacillus,Pontibacillus_chungwhensis_BH030062
bacteria,Firmicutes,Bacilli,Bacillales,Bacillaceae,Pontibacillus,Pontibacillus_litoralis_JSM_072002
bacteria,Firmicutes,Bacilli,Bacillales,Bacillaceae,Pontibacillus,Pontibacillus_marinus_BH030004_=_DSM_16465
bacteria,Firmicutes,Bacilli,Bacillales,Bacillaceae,Pontibacillus,Pontibacillus_yanchengensis_Y32
bacteria,Firmicutes,Bacilli,Bacillales,Bacillaceae,Virgibacillus,Virgibacillus_alimentarius
bacteria,Firmicutes,Bacilli,Bacillales,Bacillaceae,Virgibacillus,Virgibacillus_dokdonensis
bacteria,Firmicutes,Bacilli,Bacillales,Bacillaceae,Virgibacillus,Virgibacillus_pantothenticus
bacteria,Firmicutes,Bacilli,Bacillales,Bacillaceae,Virgibacillus,Virgibacillus_proomii
bacteria,Firmicutes,Bacilli,Bacillales,Listeriaceae,Listeria,Listeria_aquatica_FSL_S10-1188
bacteria,Firmicutes,Bacilli,Bacillales,Listeriaceae,Listeria,Listeria_fleischmannii_subsp_coloradonensis
bacteria,Firmicutes,Bacilli,Bacillales,Listeriaceae,Listeria,Listeria_floridensis_FSL_S10-1187
bacteria,Firmicutes,Bacilli,Bacillales,Listeriaceae,Listeria,Listeria_grayi_DSM_20601
bacteria,Firmicutes,Bacilli,Bacillales,Paenibacillaceae,Aneurinibacillus,Aneurinibacillus_migulanus
bacteria,Firmicutes,Bacilli,Bacillales,Paenibacillaceae,Aneurinibacillus,Aneurinibacillus_terranovensis_DSM_18919
bacteria,Firmicutes,Bacilli,Bacillales,Paenibacillaceae,Aneurinibacillus,Aneurinibacillus_thermoaerophilus
bacteria,Firmicutes,Bacilli,Bacillales,Paenibacillaceae,Aneurinibacillus,Aneurinibacillus_tyrosinisolvens
bacteria,Firmicutes,Bacilli,Bacillales,Paenibacillaceae,Paenibacillus,Paenibacillus_antibioticophila
bacteria,Firmicutes,Bacilli,Bacillales,Paenibacillaceae,Paenibacillus,Paenibacillus_glucanolyticus
bacteria,Firmicutes,Bacilli,Bacillales,Paenibacillaceae,Paenibacillus,Paenibacillus_sanguinis_2301083_=_DSM_16941
bacteria,Firmicutes,Bacilli,Bacillales,Paenibacillaceae,Paenibacillus,Paenibacillus_tuaregi
bacteria,Firmicutes,Bacilli,Lactobacillales,Carnobacteriaceae,Carnobacterium,Carnobacterium_inhibens_subsp_gilichinskyi
bacteria,Firmicutes,Bacilli,Lactobacillales,Carnobacteriaceae,Carnobacterium,Carnobacterium_jeotgali_MS3
bacteria,Firmicutes,Bacilli,Lactobacillales,Carnobacteriaceae,Carnobacterium,Carnobacterium_pleistocenium_FTR1
bacteria,Firmicutes,Bacilli,Lactobacillales,Carnobacteriaceae,Carnobacterium,Carnobacterium_viridans
bacteria,Firmicutes,Bacilli,Lactobacillales,Enterococcaceae,Enterococcus,Enterococcus_haemoperoxidus_ATCC_BAA-382
bacteria,Firmicutes,Bacilli,Lactobacillales,Enterococcaceae,Enterococcus,Enterococcus_hermanniensis
bacteria,Firmicutes,Bacilli,Lactobacillales,Enterococcaceae,Enterococcus,Enterococcus_hirae_ATCC_9790
bacteria,Firmicutes,Bacilli,Lactobacillales,Enterococcaceae,Enterococcus,Enterococcus_thailandicus
bacteria,Firmicutes,Bacilli,Lactobacillales,Enterococcaceae,Vagococcus,Vagococcus_fluvialis_bH819
bacteria,Firmicutes,Bacilli,Lactobacillales,Enterococcaceae,Vagococcus,Vagococcus_lutrae_LBD1
bacteria,Firmicutes,Bacilli,Lactobacillales,Enterococcaceae,Vagococcus,Vagococcus_penaei
bacteria,Firmicutes,Bacilli,Lactobacillales,Enterococcaceae,Vagococcus,Vagococcus_teuberi
bacteria,Firmicutes,Clostridia,Clostridiales,Clostridiaceae,Caloramator,Caloramator_australicus_RC3
bacteria,Firmicutes,Clostridia,Clostridiales,Clostridiaceae,Caloramator,Caloramator_mitchellensis
bacteria,Firmicutes,Clostridia,Clostridiales,Clostridiaceae,Caloramator,Caloramator_proteoclasticus_DSM_10124
bacteria,Firmicutes,Clostridia,Clostridiales,Clostridiaceae,Caloramator,Caloramator_quimbayensis
bacteria,Firmicutes,Clostridia,Clostridiales,Clostridiaceae,Clostridium,Clostridium_botulinum_B_str_Eklund_17B_NRP
bacteria,Firmicutes,Clostridia,Clostridiales,Clostridiaceae,Clostridium,Clostridium_puniceum
bacteria,Firmicutes,Clostridia,Clostridiales,Clostridiaceae,Clostridium,Clostridium_saccharobutylicum_DSM_13864
bacteria,Firmicutes,Clostridia,Clostridiales,Clostridiaceae,Clostridium,Clostridium_uliginosum
bacteria,Firmicutes,Clostridia,Clostridiales,Eubacteriaceae,Acetobacterium,Acetobacterium_bakii
bacteria,Firmicutes,Clostridia,Clostridiales,Eubacteriaceae,Acetobacterium,Acetobacterium_dehalogenans_DSM_11527
bacteria,Firmicutes,Clostridia,Clostridiales,Eubacteriaceae,Acetobacterium,Acetobacterium_wieringae
bacteria,Firmicutes,Clostridia,Clostridiales,Eubacteriaceae,Acetobacterium,Acetobacterium_woodii_DSM_1030
bacteria,Firmicutes,Clostridia,Clostridiales,Eubacteriaceae,Eubacterium,Eubacterium_hallii_DSM_3353
bacteria,Firmicutes,Clostridia,Clostridiales,Eubacteriaceae,Eubacterium,Eubacterium_oxidoreducens
bacteria,Firmicutes,Clostridia,Clostridiales,Eubacteriaceae,Eubacterium,Eubacterium_plexicaudatum_ASF492
bacteria,Firmicutes,Clostridia,Clostridiales,Eubacteriaceae,Eubacterium,Eubacterium_ramulus_ATCC_29099
bacteria,Firmicutes,Clostridia,Clostridiales,Lachnospiraceae,Blautia,Blautia_obeum
bacteria,Firmicutes,Clostridia,Clostridiales,Lachnospiraceae,Blautia,Blautia_obeum_ATCC_29174
bacteria,Firmicutes,Clostridia,Clostridiales,Lachnospiraceae,Blautia,Blautia_producta_ATCC_27340_=_DSM_2950
bacteria,Firmicutes,Clostridia,Clostridiales,Lachnospiraceae,Blautia,Ruminococcus_gnavus_AGR2154
bacteria,Firmicutes,Clostridia,Halanaerobiales,Halanaerobiaceae,Halanaerobium,Halanaerobium_congolense
bacteria,Firmicutes,Clostridia,Halanaerobiales,Halanaerobiaceae,Halanaerobium,Halanaerobium_kushneri
bacteria,Firmicutes,Clostridia,Halanaerobiales,Halanaerobiaceae,Halanaerobium,Halanaerobium_saccharolyticum_subsp_saccharolyticum_DSM_6643
bacteria,Firmicutes,Clostridia,Halanaerobiales,Halanaerobiaceae,Halanaerobium,Halanaerobium_salsuginis
bacteria,Firmicutes,Negativicutes,Selenomonadales,Sporomusaceae,Sporomusa,Sporomusa_acidovorans
bacteria,Firmicutes,Negativicutes,Selenomonadales,Sporomusaceae,Sporomusa,Sporomusa_malonica
bacteria,Firmicutes,Negativicutes,Selenomonadales,Sporomusaceae,Sporomusa,Sporomusa_ovata_DSM_2662
bacteria,Firmicutes,Negativicutes,Selenomonadales,Sporomusaceae,Sporomusa,Sporomusa_sphaeroides_DSM_2875
bacteria,Firmicutes,Tissierellia,Tissierellales,Peptoniphilaceae,Anaerococcus,Anaerococcus_lactolyticus_ATCC_51172
bacteria,Firmicutes,Tissierellia,Tissierellales,Peptoniphilaceae,Anaerococcus,Anaerococcus_mediterraneensis
bacteria,Firmicutes,Tissierellia,Tissierellales,Peptoniphilaceae,Anaerococcus,Anaerococcus_provencensis
bacteria,Firmicutes,Tissierellia,Tissierellales,Peptoniphilaceae,Anaerococcus,Anaerococcus_tetradius_ATCC_35098
bacteria,Firmicutes,Tissierellia,Tissierellales,Peptoniphilaceae,Peptoniphilus,Peptoniphilus_grossensis
bacteria,Firmicutes,Tissierellia,Tissierellales,Peptoniphilaceae,Peptoniphilus,Peptoniphilus_rhinitidis_1-13
bacteria,Firmicutes,Tissierellia,Tissierellales,Peptoniphilaceae,Peptoniphilus,Peptoniphilus_senegalensis_JC140
bacteria,Firmicutes,Tissierellia,Tissierellales,Peptoniphilaceae,Peptoniphilus,Peptoniphilus_timonensis_JC401
bacteria,Proteobacteria,Alphaproteobacteria,Caulobacterales,Caulobacteraceae,Brevundimonas,Brevundimonas_abyssalis_TAR-001
bacteria,Proteobacteria,Alphaproteobacteria,Caulobacterales,Caulobacteraceae,Brevundimonas,Brevundimonas_bacteroides_DSM_4726
bacteria,Proteobacteria,Alphaproteobacteria,Caulobacterales,Caulobacteraceae,Brevundimonas,Brevundimonas_naejangsanensis
bacteria,Proteobacteria,Alphaproteobacteria,Caulobacterales,Caulobacteraceae,Brevundimonas,Brevundimonas_vesicularis
bacteria,Proteobacteria,Alphaproteobacteria,Caulobacterales,Caulobacteraceae,Caulobacter,Caulobacter_henricii_1
bacteria,Proteobacteria,Alphaproteobacteria,Caulobacterales,Caulobacteraceae,Caulobacter,Caulobacter_henricii_2
bacteria,Proteobacteria,Alphaproteobacteria,Caulobacterales,Caulobacteraceae,Caulobacter,Caulobacter_segnis_ATCC_21756
bacteria,Proteobacteria,Alphaproteobacteria,Caulobacterales,Caulobacteraceae,Caulobacter,Caulobacter_vibrioides
bacteria,Proteobacteria,Alphaproteobacteria,Rhizobiales,Aurantimonadaceae,Aureimonas,Aureimonas_altamirensis
bacteria,Proteobacteria,Alphaproteobacteria,Rhizobiales,Aurantimonadaceae,Aureimonas,Aureimonas_frigidaquae
bacteria,Proteobacteria,Alphaproteobacteria,Rhizobiales,Aurantimonadaceae,Aureimonas,Aureimonas_ureilytica
bacteria,Proteobacteria,Alphaproteobacteria,Rhizobiales,Aurantimonadaceae,Aureimonas,Aureimonas_ureilytica_DSM_18598_=_NBRC_106430
bacteria,Proteobacteria,Alphaproteobacteria,Rhizobiales,Bartonellaceae,Bartonella,Bartonella_birtlesii_IBS_325
bacteria,Proteobacteria,Alphaproteobacteria,Rhizobiales,Bartonellaceae,Bartonella,Bartonella_henselae_str_Houston-1
bacteria,Proteobacteria,Alphaproteobacteria,Rhizobiales,Bartonellaceae,Bartonella,Bartonella_koehlerae_C-29
bacteria,Proteobacteria,Alphaproteobacteria,Rhizobiales,Bartonellaceae,Bartonella,Bartonella_quintana_str_Toulouse
bacteria,Proteobacteria,Alphaproteobacteria,Rhizobiales,Bradyrhizobiaceae,Afipia,Afipia_birgiae_34632
bacteria,Proteobacteria,Alphaproteobacteria,Rhizobiales,Bradyrhizobiaceae,Afipia,Afipia_broomeae_ATCC_49717
bacteria,Proteobacteria,Alphaproteobacteria,Rhizobiales,Bradyrhizobiaceae,Afipia,Afipia_clevelandensis_ATCC_49720
bacteria,Proteobacteria,Alphaproteobacteria,Rhizobiales,Bradyrhizobiaceae,Afipia,Afipia_felis_ATCC_53690
bacteria,Proteobacteria,Alphaproteobacteria,Rhizobiales,Bradyrhizobiaceae,Bosea,Bosea_robiniae
bacteria,Proteobacteria,Alphaproteobacteria,Rhizobiales,Bradyrhizobiaceae,Bosea,Bosea_thiooxidans
bacteria,Proteobacteria,Alphaproteobacteria,Rhizobiales,Bradyrhizobiaceae,Bosea,Bosea_vaviloviae_1
bacteria,Proteobacteria,Alphaproteobacteria,Rhizobiales,Bradyrhizobiaceae,Bosea,Bosea_vaviloviae_2
bacteria,Proteobacteria,Alphaproteobacteria,Rhizobiales,Bradyrhizobiaceae,Bradyrhizobium,Bradyrhizobium_icense
bacteria,Proteobacteria,Alphaproteobacteria,Rhizobiales,Bradyrhizobiaceae,Bradyrhizobium,Bradyrhizobium_lablabi_1
bacteria,Proteobacteria,Alphaproteobacteria,Rhizobiales,Bradyrhizobiaceae,Bradyrhizobium,Bradyrhizobium_lablabi_3
bacteria,Proteobacteria,Alphaproteobacteria,Rhizobiales,Bradyrhizobiaceae,Bradyrhizobium,Bradyrhizobium_valentinum
bacteria,Spirochaetes,Spirochaetia,Brachyspirales,Brachyspiraceae,Brachyspira,Brachyspira_alvinipulli_ATCC_51933
bacteria,Spirochaetes,Spirochaetia,Brachyspirales,Brachyspiraceae,Brachyspira,Brachyspira_hyodysenteriae_ATCC_27164
bacteria,Spirochaetes,Spirochaetia,Brachyspirales,Brachyspiraceae,Brachyspira,Brachyspira_murdochii_DSM_12563
bacteria,Spirochaetes,Spirochaetia,Brachyspirales,Brachyspiraceae,Brachyspira,Brachyspira_pilosicoli_P43_6_78
bacteria,Spirochaetes,Spirochaetia,Spirochaetales,Borreliaceae,Borrelia,Borrelia_duttonii_Ly
bacteria,Spirochaetes,Spirochaetia,Spirochaetales,Borreliaceae,Borrelia,Borrelia_miyamotoi_LB-2001
bacteria,Spirochaetes,Spirochaetia,Spirochaetales,Borreliaceae,Borrelia,Borrelia_persica_No12
bacteria,Spirochaetes,Spirochaetia,Spirochaetales,Borreliaceae,Borrelia,Borrelia_turicatae_91E135
bacteria,Spirochaetes,Spirochaetia,Spirochaetales,Borreliaceae,Borreliella,Borreliella_afzelii_HLJ01
bacteria,Spirochaetes,Spirochaetia,Spirochaetales,Borreliaceae,Borreliella,Borreliella_garinii
bacteria,Spirochaetes,Spirochaetia,Spirochaetales,Borreliaceae,Borreliella,Borreliella_japonica
bacteria,Spirochaetes,Spirochaetia,Spirochaetales,Borreliaceae,Borreliella,Borreliella_valaisiana_Tom4006
bacteria,Spirochaetes,Spirochaetia,Spirochaetales,Spirochaetaceae,Treponema,Treponema_berlinense
bacteria,Spirochaetes,Spirochaetia,Spirochaetales,Spirochaetaceae,Treponema,Treponema_pedis_str_T_A4
bacteria,Spirochaetes,Spirochaetia,Spirochaetales,Spirochaetaceae,Treponema,Treponema_phagedenis_4A
bacteria,Spirochaetes,Spirochaetia,Spirochaetales,Spirochaetaceae,Treponema,Treponema_putidum
bacteria,Tenericutes,Mollicutes,Acholeplasmatales,Acholeplasmataceae,Acholeplasma,Acholeplasma_axanthum_ATCC_25176
bacteria,Tenericutes,Mollicutes,Acholeplasmatales,Acholeplasmataceae,Acholeplasma,Acholeplasma_granularum_ATCC_19168
bacteria,Tenericutes,Mollicutes,Acholeplasmatales,Acholeplasmataceae,Acholeplasma,Acholeplasma_modicum_ATCC_29102
bacteria,Tenericutes,Mollicutes,Acholeplasmatales,Acholeplasmataceae,Acholeplasma,Acholeplasma_palmae_J233
bacteria,Tenericutes,Mollicutes,Entomoplasmatales,Entomoplasmataceae,Entomoplasma,Entomoplasma_lucivorax_ATCC_49196
bacteria,Tenericutes,Mollicutes,Entomoplasmatales,Entomoplasmataceae,Entomoplasma,Entomoplasma_luminosum_ATCC_49195
bacteria,Tenericutes,Mollicutes,Entomoplasmatales,Entomoplasmataceae,Entomoplasma,Entomoplasma_melaleucae_ATCC_49191
bacteria,Tenericutes,Mollicutes,Entomoplasmatales,Entomoplasmataceae,Entomoplasma,Entomoplasma_somnilux_ATCC_49194
bacteria,Tenericutes,Mollicutes,Entomoplasmatales,Spiroplasmataceae,Spiroplasma,Spiroplasma_chrysopicola_DF-1
bacteria,Tenericutes,Mollicutes,Entomoplasmatales,Spiroplasmataceae,Spiroplasma,Spiroplasma_eriocheiris
bacteria,Tenericutes,Mollicutes,Entomoplasmatales,Spiroplasmataceae,Spiroplasma,Spiroplasma_mirum_ATCC_29335
bacteria,Tenericutes,Mollicutes,Entomoplasmatales,Spiroplasmataceae,Spiroplasma,Spiroplasma_syrphidicola_EA-1
bacteria,Tenericutes,Mollicutes,Mycoplasmatales,Mycoplasmataceae,Mycoplasma,Mycoplasma_dispar
bacteria,Tenericutes,Mollicutes,Mycoplasmatales,Mycoplasmataceae,Mycoplasma,Mycoplasma_flocculare_ATCC_27399
bacteria,Tenericutes,Mollicutes,Mycoplasmatales,Mycoplasmataceae,Mycoplasma,Mycoplasma_hyopneumoniae_J
bacteria,Tenericutes,Mollicutes,Mycoplasmatales,Mycoplasmataceae,Mycoplasma,Mycoplasma_ovipneumoniae_NM2010
